ensemble_size,mean_cicp
5,0.4798400000000001
10,0.273756
20,0.22109600000000001
30,0.22592800000000005
