alpha,delta
0.34663919363459333,0.3544345808907223
